variant,entry_len_days,exit_len_days,CAGR,MaxDD,Time_in_pos,CAGR_in_pos,Trades,Equity_final
gated_any_BM,80,110,0.088391293554964,-0.25383833129062305,0.5222870039495956,0.17655486160655798,12,5.972216612800506
gated_any_BM,80,100,0.088391293554964,-0.25383833129062305,0.5222870039495956,0.17655486160655798,12,5.972216612800506
gated_any_BM,80,90,0.088391293554964,-0.25383833129062305,0.5222870039495956,0.17655486160655798,12,5.972216612800506
gated_any_BM,80,120,0.088391293554964,-0.25383833129062305,0.5222870039495956,0.17655486160655798,12,5.972216612800506
gated_any_BM,80,150,0.088391293554964,-0.25383833129062305,0.5222870039495956,0.17655486160655798,12,5.972216612800506
gated_any_BM,80,130,0.088391293554964,-0.25383833129062305,0.5222870039495956,0.17655486160655798,12,5.972216612800506
gated_any_BM,80,140,0.088391293554964,-0.25383833129062305,0.5222870039495956,0.17655486160655798,12,5.972216612800506
gated_any_BM,110,150,0.088391293554964,-0.25383833129062305,0.5222870039495956,0.17655486160655798,12,5.972216612800506
gated_any_BM,110,140,0.088391293554964,-0.25383833129062305,0.5222870039495956,0.17655486160655798,12,5.972216612800506
gated_any_BM,90,100,0.088391293554964,-0.25383833129062305,0.5222870039495956,0.17655486160655798,12,5.972216612800506
gated_any_BM,90,110,0.088391293554964,-0.25383833129062305,0.5222870039495956,0.17655486160655798,12,5.972216612800506
gated_any_BM,90,120,0.088391293554964,-0.25383833129062305,0.5222870039495956,0.17655486160655798,12,5.972216612800506
gated_any_BM,90,90,0.088391293554964,-0.25383833129062305,0.5222870039495956,0.17655486160655798,12,5.972216612800506
gated_any_BM,90,130,0.088391293554964,-0.25383833129062305,0.5222870039495956,0.17655486160655798,12,5.972216612800506
gated_any_BM,90,140,0.088391293554964,-0.25383833129062305,0.5222870039495956,0.17655486160655798,12,5.972216612800506
gated_any_BM,90,150,0.088391293554964,-0.25383833129062305,0.5222870039495956,0.17655486160655798,12,5.972216612800506
gated_any_BM,100,140,0.088391293554964,-0.25383833129062305,0.5222870039495956,0.17655486160655798,12,5.972216612800506
gated_any_BM,110,90,0.088391293554964,-0.25383833129062305,0.5222870039495956,0.17655486160655798,12,5.972216612800506
gated_any_BM,110,100,0.088391293554964,-0.25383833129062305,0.5222870039495956,0.17655486160655798,12,5.972216612800506
gated_any_BM,110,110,0.088391293554964,-0.25383833129062305,0.5222870039495956,0.17655486160655798,12,5.972216612800506
gated_any_BM,100,150,0.088391293554964,-0.25383833129062305,0.5222870039495956,0.17655486160655798,12,5.972216612800506
gated_any_BM,110,120,0.088391293554964,-0.25383833129062305,0.5222870039495956,0.17655486160655798,12,5.972216612800506
gated_any_BM,110,130,0.088391293554964,-0.25383833129062305,0.5222870039495956,0.17655486160655798,12,5.972216612800506
gated_any_BM,100,120,0.088391293554964,-0.25383833129062305,0.5222870039495956,0.17655486160655798,12,5.972216612800506
gated_any_BM,100,90,0.088391293554964,-0.25383833129062305,0.5222870039495956,0.17655486160655798,12,5.972216612800506
gated_any_BM,100,100,0.088391293554964,-0.25383833129062305,0.5222870039495956,0.17655486160655798,12,5.972216612800506
gated_any_BM,100,110,0.088391293554964,-0.25383833129062305,0.5222870039495956,0.17655486160655798,12,5.972216612800506
gated_any_BM,100,130,0.088391293554964,-0.25383833129062305,0.5222870039495956,0.17655486160655798,12,5.972216612800506
gated_any_BM,130,110,0.08710272327870583,-0.25383833129062305,0.5183374083129584,0.1753237712647242,12,5.824793449015339
gated_any_BM,120,100,0.08710272327870583,-0.25383833129062305,0.5183374083129584,0.1753237712647242,12,5.824793449015339
gated_any_BM,120,110,0.08710272327870583,-0.25383833129062305,0.5183374083129584,0.1753237712647242,12,5.824793449015339
gated_any_BM,120,90,0.08710272327870583,-0.25383833129062305,0.5183374083129584,0.1753237712647242,12,5.824793449015339
gated_any_BM,130,120,0.08710272327870583,-0.25383833129062305,0.5183374083129584,0.1753237712647242,12,5.824793449015339
gated_any_BM,120,120,0.08710272327870583,-0.25383833129062305,0.5183374083129584,0.1753237712647242,12,5.824793449015339
gated_any_BM,120,130,0.08710272327870583,-0.25383833129062305,0.5183374083129584,0.1753237712647242,12,5.824793449015339
gated_any_BM,120,140,0.08710272327870583,-0.25383833129062305,0.5183374083129584,0.1753237712647242,12,5.824793449015339
gated_any_BM,120,150,0.08710272327870583,-0.25383833129062305,0.5183374083129584,0.1753237712647242,12,5.824793449015339
gated_any_BM,130,130,0.08710272327870583,-0.25383833129062305,0.5183374083129584,0.1753237712647242,12,5.824793449015339
gated_any_BM,130,150,0.08710272327870583,-0.25383833129062305,0.5183374083129584,0.1753237712647242,12,5.824793449015339
gated_any_BM,130,140,0.08710272327870583,-0.25383833129062305,0.5183374083129584,0.1753237712647242,12,5.824793449015339
gated_any_BM,130,90,0.08710272327870583,-0.25383833129062305,0.5183374083129584,0.1753237712647242,12,5.824793449015339
gated_any_BM,130,100,0.08710272327870583,-0.25383833129062305,0.5183374083129584,0.1753237712647242,12,5.824793449015339
gated_any_BM,50,100,0.08672019680232679,-0.26398633148734096,0.530374271205567,0.17033007266217925,14,5.781700865899683
gated_any_BM,50,110,0.08672019680232679,-0.26398633148734096,0.530374271205567,0.17033007266217925,14,5.781700865899683
gated_any_BM,50,120,0.08672019680232679,-0.26398633148734096,0.530374271205567,0.17033007266217925,14,5.781700865899683
gated_any_BM,50,150,0.08672019680232679,-0.26398633148734096,0.530374271205567,0.17033007266217925,14,5.781700865899683
gated_any_BM,50,140,0.08672019680232679,-0.26398633148734096,0.530374271205567,0.17033007266217925,14,5.781700865899683
gated_any_BM,50,130,0.08672019680232679,-0.26398633148734096,0.530374271205567,0.17033007266217925,14,5.781700865899683
gated_any_BM,70,100,0.08672019680232679,-0.26398633148734096,0.530374271205567,0.17033007266217925,14,5.781700865899683
gated_any_BM,60,100,0.08672019680232679,-0.26398633148734096,0.530374271205567,0.17033007266217925,14,5.781700865899683
gated_any_BM,60,140,0.08672019680232679,-0.26398633148734096,0.530374271205567,0.17033007266217925,14,5.781700865899683
gated_any_BM,50,90,0.08672019680232679,-0.26398633148734096,0.530374271205567,0.17033007266217925,14,5.781700865899683
gated_any_BM,60,90,0.08672019680232679,-0.26398633148734096,0.530374271205567,0.17033007266217925,14,5.781700865899683
gated_any_BM,70,130,0.08672019680232679,-0.26398633148734096,0.530374271205567,0.17033007266217925,14,5.781700865899683
gated_any_BM,70,120,0.08672019680232679,-0.26398633148734096,0.530374271205567,0.17033007266217925,14,5.781700865899683
gated_any_BM,70,90,0.08672019680232679,-0.26398633148734096,0.530374271205567,0.17033007266217925,14,5.781700865899683
gated_any_BM,60,150,0.08672019680232679,-0.26398633148734096,0.530374271205567,0.17033007266217925,14,5.781700865899683
gated_any_BM,70,140,0.08672019680232679,-0.26398633148734096,0.530374271205567,0.17033007266217925,14,5.781700865899683
gated_any_BM,70,110,0.08672019680232679,-0.26398633148734096,0.530374271205567,0.17033007266217925,14,5.781700865899683
gated_any_BM,60,110,0.08672019680232679,-0.26398633148734096,0.530374271205567,0.17033007266217925,14,5.781700865899683
gated_any_BM,60,120,0.08672019680232679,-0.26398633148734096,0.530374271205567,0.17033007266217925,14,5.781700865899683
gated_any_BM,60,130,0.08672019680232679,-0.26398633148734096,0.530374271205567,0.17033007266217925,14,5.781700865899683
gated_any_BM,70,150,0.08672019680232679,-0.26398633148734096,0.530374271205567,0.17033007266217925,14,5.781700865899683
gated_any_BM,160,120,0.08669053917889147,-0.24227882169345716,0.5070528493511378,0.17867594041622792,12,5.778372575292789
gated_any_BM,160,110,0.08669053917889147,-0.24227882169345716,0.5070528493511378,0.17867594041622792,12,5.778372575292789
gated_any_BM,160,90,0.08669053917889147,-0.24227882169345716,0.5070528493511378,0.17867594041622792,12,5.778372575292789
gated_any_BM,160,100,0.08669053917889147,-0.24227882169345716,0.5070528493511378,0.17867594041622792,12,5.778372575292789
gated_any_BM,160,150,0.08669053917889147,-0.24227882169345716,0.5070528493511378,0.17867594041622792,12,5.778372575292789
gated_any_BM,170,90,0.08669053917889147,-0.24227882169345716,0.5070528493511378,0.17867594041622792,12,5.778372575292789
gated_any_BM,180,90,0.08669053917889147,-0.24227882169345716,0.5070528493511378,0.17867594041622792,12,5.778372575292789
gated_any_BM,170,120,0.08669053917889147,-0.24227882169345716,0.5070528493511378,0.17867594041622792,12,5.778372575292789
gated_any_BM,170,100,0.08669053917889147,-0.24227882169345716,0.5070528493511378,0.17867594041622792,12,5.778372575292789
gated_any_BM,170,110,0.08669053917889147,-0.24227882169345716,0.5070528493511378,0.17867594041622792,12,5.778372575292789
gated_any_BM,170,130,0.08669053917889147,-0.24227882169345716,0.5070528493511378,0.17867594041622792,12,5.778372575292789
gated_any_BM,170,140,0.08669053917889147,-0.24227882169345716,0.5070528493511378,0.17867594041622792,12,5.778372575292789
gated_any_BM,170,150,0.08669053917889147,-0.24227882169345716,0.5070528493511378,0.17867594041622792,12,5.778372575292789
gated_any_BM,150,150,0.08669053917889147,-0.24227882169345716,0.5070528493511378,0.17867594041622792,12,5.778372575292789
gated_any_BM,180,150,0.08669053917889147,-0.24227882169345716,0.5070528493511378,0.17867594041622792,12,5.778372575292789
gated_any_BM,180,140,0.08669053917889147,-0.24227882169345716,0.5070528493511378,0.17867594041622792,12,5.778372575292789
gated_any_BM,180,130,0.08669053917889147,-0.24227882169345716,0.5070528493511378,0.17867594041622792,12,5.778372575292789
gated_any_BM,180,120,0.08669053917889147,-0.24227882169345716,0.5070528493511378,0.17867594041622792,12,5.778372575292789
gated_any_BM,180,100,0.08669053917889147,-0.24227882169345716,0.5070528493511378,0.17867594041622792,12,5.778372575292789
gated_any_BM,180,110,0.08669053917889147,-0.24227882169345716,0.5070528493511378,0.17867594041622792,12,5.778372575292789
gated_any_BM,160,130,0.08669053917889147,-0.24227882169345716,0.5070528493511378,0.17867594041622792,12,5.778372575292789
gated_any_BM,160,140,0.08669053917889147,-0.24227882169345716,0.5070528493511378,0.17867594041622792,12,5.778372575292789
gated_any_BM,150,120,0.08669053917889147,-0.24227882169345716,0.5070528493511378,0.17867594041622792,12,5.778372575292789
gated_any_BM,150,90,0.08669053917889147,-0.24227882169345716,0.5070528493511378,0.17867594041622792,12,5.778372575292789
gated_any_BM,150,100,0.08669053917889147,-0.24227882169345716,0.5070528493511378,0.17867594041622792,12,5.778372575292789
gated_any_BM,150,110,0.08669053917889147,-0.24227882169345716,0.5070528493511378,0.17867594041622792,12,5.778372575292789
gated_any_BM,150,140,0.08669053917889147,-0.24227882169345716,0.5070528493511378,0.17867594041622792,12,5.778372575292789
gated_any_BM,150,130,0.08669053917889147,-0.24227882169345716,0.5070528493511378,0.17867594041622792,12,5.778372575292789
gated_any_BM,190,100,0.0860392034141757,-0.24227882169345716,0.5027271017491066,0.17893807239699822,12,5.705735752756632
gated_any_BM,190,130,0.0860392034141757,-0.24227882169345716,0.5027271017491066,0.17893807239699822,12,5.705735752756632
gated_any_BM,190,120,0.0860392034141757,-0.24227882169345716,0.5027271017491066,0.17893807239699822,12,5.705735752756632
gated_any_BM,190,90,0.0860392034141757,-0.24227882169345716,0.5027271017491066,0.17893807239699822,12,5.705735752756632
gated_any_BM,190,150,0.0860392034141757,-0.24227882169345716,0.5027271017491066,0.17893807239699822,12,5.705735752756632
gated_any_BM,190,110,0.0860392034141757,-0.24227882169345716,0.5027271017491066,0.17893807239699822,12,5.705735752756632
gated_any_BM,190,140,0.0860392034141757,-0.24227882169345716,0.5027271017491066,0.17893807239699822,12,5.705735752756632
gated_any_BM,140,100,0.08580840671557599,-0.25383833129062283,0.5147639646417153,0.17392292931493225,12,5.680206704693221
gated_any_BM,140,120,0.08580840671557599,-0.25383833129062283,0.5147639646417153,0.17392292931493225,12,5.680206704693221
gated_any_BM,140,110,0.08580840671557599,-0.25383833129062283,0.5147639646417153,0.17392292931493225,12,5.680206704693221
gated_any_BM,140,130,0.08580840671557599,-0.25383833129062283,0.5147639646417153,0.17392292931493225,12,5.680206704693221
gated_any_BM,140,150,0.08580840671557599,-0.25383833129062283,0.5147639646417153,0.17392292931493225,12,5.680206704693221
gated_any_BM,140,90,0.08580840671557599,-0.25383833129062283,0.5147639646417153,0.17392292931493225,12,5.680206704693221
gated_any_BM,140,140,0.08580840671557599,-0.25383833129062283,0.5147639646417153,0.17392292931493225,12,5.680206704693221
gated_any_BM,200,120,0.08556920543481228,-0.2422788216934566,0.49482791047583224,0.1810065386503934,12,5.6538628478586075
gated_any_BM,200,130,0.08556920543481228,-0.2422788216934566,0.49482791047583224,0.1810065386503934,12,5.6538628478586075
gated_any_BM,200,140,0.08556920543481228,-0.2422788216934566,0.49482791047583224,0.1810065386503934,12,5.6538628478586075
gated_any_BM,210,130,0.08556920543481228,-0.2422788216934566,0.49482791047583224,0.1810065386503934,12,5.6538628478586075
gated_any_BM,210,90,0.08556920543481228,-0.2422788216934566,0.49482791047583224,0.1810065386503934,12,5.6538628478586075
gated_any_BM,210,120,0.08556920543481228,-0.2422788216934566,0.49482791047583224,0.1810065386503934,12,5.6538628478586075
gated_any_BM,210,140,0.08556920543481228,-0.2422788216934566,0.49482791047583224,0.1810065386503934,12,5.6538628478586075
gated_any_BM,220,90,0.08556920543481228,-0.2422788216934566,0.49482791047583224,0.1810065386503934,12,5.6538628478586075
gated_any_BM,210,100,0.08556920543481228,-0.2422788216934566,0.49482791047583224,0.1810065386503934,12,5.6538628478586075
gated_any_BM,220,130,0.08556920543481228,-0.2422788216934566,0.49482791047583224,0.1810065386503934,12,5.6538628478586075
gated_any_BM,220,110,0.08556920543481228,-0.2422788216934566,0.49482791047583224,0.1810065386503934,12,5.6538628478586075
gated_any_BM,220,120,0.08556920543481228,-0.2422788216934566,0.49482791047583224,0.1810065386503934,12,5.6538628478586075
gated_any_BM,210,110,0.08556920543481228,-0.2422788216934566,0.49482791047583224,0.1810065386503934,12,5.6538628478586075
gated_any_BM,200,90,0.08556920543481228,-0.2422788216934566,0.49482791047583224,0.1810065386503934,12,5.6538628478586075
gated_any_BM,200,110,0.08556920543481228,-0.2422788216934566,0.49482791047583224,0.1810065386503934,12,5.6538628478586075
gated_any_BM,200,100,0.08556920543481228,-0.2422788216934566,0.49482791047583224,0.1810065386503934,12,5.6538628478586075
gated_any_BM,200,150,0.08556920543481228,-0.2422788216934566,0.49482791047583224,0.1810065386503934,12,5.6538628478586075
gated_any_BM,220,150,0.08556920543481228,-0.2422788216934566,0.49482791047583224,0.1810065386503934,12,5.6538628478586075
gated_any_BM,220,100,0.08556920543481228,-0.2422788216934566,0.49482791047583224,0.1810065386503934,12,5.6538628478586075
gated_any_BM,220,140,0.08556920543481228,-0.2422788216934566,0.49482791047583224,0.1810065386503934,12,5.6538628478586075
gated_any_BM,210,150,0.08556920543481228,-0.2422788216934566,0.49482791047583224,0.1810065386503934,12,5.6538628478586075
gated_any_BM,230,150,0.08418627748619212,-0.24227882169345705,0.48316719954861764,0.182586325254962,11,5.503824270600158
gated_any_BM,230,90,0.08418627748619212,-0.24227882169345705,0.48316719954861764,0.182586325254962,11,5.503824270600158
gated_any_BM,230,120,0.08418627748619212,-0.24227882169345705,0.48316719954861764,0.182586325254962,11,5.503824270600158
gated_any_BM,230,100,0.08418627748619212,-0.24227882169345705,0.48316719954861764,0.182586325254962,11,5.503824270600158
gated_any_BM,230,140,0.08418627748619212,-0.24227882169345705,0.48316719954861764,0.182586325254962,11,5.503824270600158
gated_any_BM,230,130,0.08418627748619212,-0.24227882169345705,0.48316719954861764,0.182586325254962,11,5.503824270600158
gated_any_BM,230,110,0.08418627748619212,-0.24227882169345705,0.48316719954861764,0.182586325254962,11,5.503824270600158
gated_any_BM,100,80,0.08391579192136378,-0.2723121833325933,0.4944517585104382,0.17761008658722588,14,5.474925300454124
gated_any_BM,110,80,0.08391579192136378,-0.2723121833325933,0.4944517585104382,0.17761008658722588,14,5.474925300454124
gated_any_BM,90,80,0.08391579192136378,-0.2723121833325933,0.4944517585104382,0.17761008658722588,14,5.474925300454124
gated_any_BM,130,80,0.08263252028945423,-0.2723121833325933,0.490502162873801,0.17631649690151985,14,5.339777689171844
gated_any_BM,120,80,0.08263252028945423,-0.2723121833325933,0.490502162873801,0.17631649690151985,14,5.339777689171844
gated_any_BM,150,80,0.08222203110453186,-0.2502422562338884,0.4792176039119804,0.1798901229225336,14,5.297222163729548
gated_any_BM,160,80,0.08222203110453186,-0.2502422562338884,0.4792176039119804,0.1798901229225336,14,5.297222163729548
gated_any_BM,180,80,0.08222203110453186,-0.2502422562338884,0.4792176039119804,0.1798901229225336,14,5.297222163729548
gated_any_BM,170,80,0.08222203110453186,-0.2502422562338884,0.4792176039119804,0.1798901229225336,14,5.297222163729548
gated_any_BM,190,80,0.0815733736544042,-0.2502422562338884,0.47489185630994923,0.180178975369077,14,5.230633624962333
gated_any_BM,140,80,0.08134352599959782,-0.2723121833325911,0.4869287192025578,0.1748416548596361,14,5.207230315906323
gated_any_BM,210,80,0.08110530832255214,-0.2502422562338874,0.4669926650366748,0.18239419500283227,14,5.183080045136478
gated_any_BM,200,80,0.08110530832255214,-0.2502422562338874,0.4669926650366748,0.18239419500283227,14,5.183080045136478
gated_any_BM,220,80,0.08110530832255214,-0.2502422562338874,0.4669926650366748,0.18239419500283227,14,5.183080045136478
gated_any_BM,230,80,0.07972806702020496,-0.22904254213571928,0.4553319541094602,0.18410820374982295,13,5.045534799219615
gated_any_BM,60,80,0.07949003813931399,-0.264696541904192,0.5104382170396841,0.16237178184179313,17,5.022118044261201
gated_any_BM,50,80,0.07949003813931399,-0.264696541904192,0.5104382170396841,0.16237178184179313,17,5.022118044261201
gated_any_BM,80,80,0.07889691384129338,-0.2723121833325922,0.4984013541470754,0.16522908280928927,15,4.964217343447919
gated_any_BM,240,90,0.07793052756175145,-0.22904254213572006,0.43144630430694,0.19052600998092362,11,4.871238729264739
gated_any_BM,240,100,0.07793052756175145,-0.22904254213572006,0.43144630430694,0.19052600998092362,11,4.871238729264739
gated_any_BM,240,140,0.07793052756175145,-0.22904254213572006,0.43144630430694,0.19052600998092362,11,4.871238729264739
gated_any_BM,240,130,0.07793052756175145,-0.22904254213572006,0.43144630430694,0.19052600998092362,11,4.871238729264739
gated_any_BM,240,110,0.07793052756175145,-0.22904254213572006,0.43144630430694,0.19052600998092362,11,4.871238729264739
gated_any_BM,240,120,0.07793052756175145,-0.22904254213572006,0.43144630430694,0.19052600998092362,11,4.871238729264739
gated_any_BM,250,90,0.07793052756175145,-0.22904254213572006,0.43144630430694,0.19052600998092362,11,4.871238729264739
gated_any_BM,250,130,0.07793052756175145,-0.22904254213572006,0.43144630430694,0.19052600998092362,11,4.871238729264739
gated_any_BM,250,120,0.07793052756175145,-0.22904254213572006,0.43144630430694,0.19052600998092362,11,4.871238729264739
gated_any_BM,250,150,0.07793052756175145,-0.22904254213572006,0.43144630430694,0.19052600998092362,11,4.871238729264739
gated_any_BM,250,140,0.07793052756175145,-0.22904254213572006,0.43144630430694,0.19052600998092362,11,4.871238729264739
gated_any_BM,250,110,0.07793052756175145,-0.22904254213572006,0.43144630430694,0.19052600998092362,11,4.871238729264739
gated_any_BM,240,150,0.07793052756175145,-0.22904254213572006,0.43144630430694,0.19052600998092362,11,4.871238729264739
gated_any_BM,250,100,0.07793052756175145,-0.22904254213572006,0.43144630430694,0.19052600998092362,11,4.871238729264739
gated_any_BM,50,70,0.0773058989700548,-0.2714231219047909,0.4944517585104382,0.16331001701032988,18,4.812026760833077
gated_any_BM,70,80,0.07724039459143617,-0.28220893415264403,0.5064886214030468,0.15895327694461536,17,4.805857117039175
gated_any_BM,100,70,0.07604924570606109,-0.2723121833325921,0.470566108707918,0.16923129199550635,15,4.694972431779328
gated_any_BM,110,70,0.07604924570606109,-0.2723121833325921,0.470566108707918,0.16923129199550635,15,4.694972431779328
gated_any_BM,90,70,0.07604924570606109,-0.2723121833325921,0.470566108707918,0.16923129199550635,15,4.694972431779328
gated_any_BM,130,70,0.0747752874504064,-0.2723121833325921,0.4666165130712808,0.167810613579088,15,4.579077826032184
gated_any_BM,120,70,0.0747752874504064,-0.2723121833325921,0.4666165130712808,0.167810613579088,15,4.579077826032184
gated_any_BM,180,70,0.07436777740110356,-0.25024225623388785,0.4553319541094602,0.17133411342407912,15,4.542584721960996
gated_any_BM,170,70,0.07436777740110356,-0.25024225623388785,0.4553319541094602,0.17133411342407912,15,4.542584721960996
gated_any_BM,160,70,0.07436777740110356,-0.25024225623388785,0.4553319541094602,0.17133411342407912,15,4.542584721960996
gated_any_BM,150,70,0.07436777740110356,-0.25024225623388785,0.4553319541094602,0.17133411342407912,15,4.542584721960996
gated_any_BM,260,110,0.07413909942278862,-0.23563585259896602,0.412074478089148,0.19005184884439097,10,4.522227813947201
gated_any_BM,260,100,0.07413909942278862,-0.23563585259896602,0.412074478089148,0.19005184884439097,10,4.522227813947201
gated_any_BM,260,90,0.07413909942278862,-0.23563585259896602,0.412074478089148,0.19005184884439097,10,4.522227813947201
gated_any_BM,260,130,0.07413909942278862,-0.23563585259896602,0.412074478089148,0.19005184884439097,10,4.522227813947201
gated_any_BM,260,140,0.07413909942278862,-0.23563585259896602,0.412074478089148,0.19005184884439097,10,4.522227813947201
gated_any_BM,260,150,0.07413909942278862,-0.23563585259896602,0.412074478089148,0.19005184884439097,10,4.522227813947201
gated_any_BM,260,120,0.07413909942278862,-0.23563585259896602,0.412074478089148,0.19005184884439097,10,4.522227813947201
gated_any_BM,190,70,0.07372382759879081,-0.2507201165751618,0.451006206507429,0.1715542766939977,15,4.485482325740422
gated_any_BM,240,80,0.07349804095001788,-0.22904254213572106,0.4036110588677826,0.19280490278170093,13,4.465623049612997
gated_any_BM,250,80,0.07349804095001788,-0.22904254213572106,0.4036110588677826,0.19280490278170093,13,4.465623049612997
gated_any_BM,140,70,0.07349564806913977,-0.27231218333259144,0.4630430694000376,0.1662056410881858,15,4.465413030763696
gated_any_BM,220,70,0.0732591592628975,-0.2507201165751607,0.4431070152341546,0.17371848252946331,15,4.4447031855581365
gated_any_BM,210,70,0.0732591592628975,-0.2507201165751607,0.4431070152341546,0.17371848252946331,15,4.4447031855581365
gated_any_BM,200,70,0.0732591592628975,-0.2507201165751607,0.4431070152341546,0.17371848252946331,15,4.4447031855581365
gated_any_BM,250,70,0.07253387532640021,-0.2365371289551964,0.39157419597517396,0.19653813924695585,13,4.381757554059658
gated_any_BM,240,70,0.07253387532640021,-0.2365371289551964,0.39157419597517396,0.19653813924695585,13,4.381757554059658
gated_any_BM,230,70,0.07189191332406031,-0.23653712895519696,0.43144630430694,0.1752802307876078,14,4.326752510021352
gated_any_BM,60,70,0.07165561194377967,-0.271423121904791,0.48655256723716384,0.15363434696750877,18,4.306671684633228
gated_any_BM,80,70,0.07106679226032098,-0.2723121833325919,0.4745157043445552,0.156391747473003,16,4.257019464889416
gated_any_BM,260,80,0.06972220329117929,-0.2356358525989658,0.3842392326499906,0.19241038529729182,12,4.145673386985045
gated_any_BM,70,70,0.0694222952407264,-0.2822089341526438,0.4826029716005266,0.15000286129799933,18,4.121219092011703
gated_any_BM,270,120,0.06933155941920521,-0.23563585259896636,0.4083129584352078,0.1789384144000632,10,4.11384767299438
gated_any_BM,270,130,0.06933155941920521,-0.23563585259896636,0.4083129584352078,0.1789384144000632,10,4.11384767299438
gated_any_BM,270,110,0.06933155941920521,-0.23563585259896636,0.4083129584352078,0.1789384144000632,10,4.11384767299438
gated_any_BM,270,100,0.06933155941920521,-0.23563585259896636,0.4083129584352078,0.1789384144000632,10,4.11384767299438
gated_any_BM,270,90,0.06933155941920521,-0.23563585259896636,0.4083129584352078,0.1789384144000632,10,4.11384767299438
gated_any_BM,270,150,0.06933155941920521,-0.23563585259896636,0.4083129584352078,0.1789384144000632,10,4.11384767299438
gated_any_BM,270,140,0.06933155941920521,-0.23563585259896636,0.4083129584352078,0.1789384144000632,10,4.11384767299438
gated_any_BM,260,70,0.06876142894796655,-0.2430663449120729,0.37220236975738197,0.19632414570030954,12,4.067816624526777
gated_any_BM,300,120,0.0681554815807186,-0.23302944920927893,0.3881888282866278,0.1856182545280214,9,4.019431818835152
gated_any_BM,300,140,0.0681554815807186,-0.23302944920927893,0.3881888282866278,0.1856182545280214,9,4.019431818835152
gated_any_BM,300,130,0.0681554815807186,-0.23302944920927893,0.3881888282866278,0.1856182545280214,9,4.019431818835152
gated_any_BM,300,150,0.0681554815807186,-0.23302944920927893,0.3881888282866278,0.1856182545280214,9,4.019431818835152
gated_any_BM,300,100,0.0681554815807186,-0.23302944920927893,0.3881888282866278,0.1856182545280214,9,4.019431818835152
gated_any_BM,300,110,0.0681554815807186,-0.23302944920927893,0.3881888282866278,0.1856182545280214,9,4.019431818835152
gated_any_BM,300,90,0.0681554815807186,-0.23302944920927893,0.3881888282866278,0.1856182545280214,9,4.019431818835152
gated_any_BM,290,110,0.06749280256488488,-0.23302944920927893,0.4002256911792364,0.17779050668140894,10,3.9671447763962755
gated_any_BM,280,130,0.06749280256488488,-0.23302944920927893,0.4002256911792364,0.17779050668140894,10,3.9671447763962755
gated_any_BM,290,120,0.06749280256488488,-0.23302944920927893,0.4002256911792364,0.17779050668140894,10,3.9671447763962755
gated_any_BM,290,100,0.06749280256488488,-0.23302944920927893,0.4002256911792364,0.17779050668140894,10,3.9671447763962755
gated_any_BM,280,100,0.06749280256488488,-0.23302944920927893,0.4002256911792364,0.17779050668140894,10,3.9671447763962755
gated_any_BM,280,90,0.06749280256488488,-0.23302944920927893,0.4002256911792364,0.17779050668140894,10,3.9671447763962755
gated_any_BM,280,120,0.06749280256488488,-0.23302944920927893,0.4002256911792364,0.17779050668140894,10,3.9671447763962755
gated_any_BM,280,150,0.06749280256488488,-0.23302944920927893,0.4002256911792364,0.17779050668140894,10,3.9671447763962755
gated_any_BM,290,90,0.06749280256488488,-0.23302944920927893,0.4002256911792364,0.17779050668140894,10,3.9671447763962755
gated_any_BM,280,140,0.06749280256488488,-0.23302944920927893,0.4002256911792364,0.17779050668140894,10,3.9671447763962755
gated_any_BM,290,150,0.06749280256488488,-0.23302944920927893,0.4002256911792364,0.17779050668140894,10,3.9671447763962755
gated_any_BM,280,110,0.06749280256488488,-0.23302944920927893,0.4002256911792364,0.17779050668140894,10,3.9671447763962755
gated_any_BM,290,130,0.06749280256488488,-0.23302944920927893,0.4002256911792364,0.17779050668140894,10,3.9671447763962755
gated_any_BM,290,140,0.06749280256488488,-0.23302944920927893,0.4002256911792364,0.17779050668140894,10,3.9671447763962755
gated_any_BM,50,60,0.06501977255201719,-0.3248372220910394,0.4739514763964642,0.14308535873685435,21,3.7776797628672103
gated_any_BM,270,80,0.06493443205390936,-0.23563585259896613,0.3804777129960504,0.18048747059263603,12,3.7712980233866413
gated_any_BM,270,70,0.06397795786241045,-0.24306634491207302,0.3684408501034418,0.18401293425884124,12,3.7004721220293484
gated_any_BM,100,60,0.0637774507800164,-0.33247472326905014,0.45006582659394395,0.14810028346804116,18,3.6857863067415075
gated_any_BM,90,60,0.0637774507800164,-0.33247472326905014,0.45006582659394395,0.14810028346804116,18,3.6857863067415075
gated_any_BM,300,80,0.06376319028708033,-0.25201849819160294,0.3603535828474704,0.18778141522438951,11,3.684743937656983
gated_any_BM,300,70,0.06329995029370994,-0.25201849819160194,0.35640398721083316,0.18859522571813403,11,3.6510357800174873
gated_any_BM,280,80,0.06310323622966507,-0.25201849819160294,0.372390445740079,0.17928581207844907,12,3.636810704471676
gated_any_BM,290,80,0.06310323622966507,-0.25201849819160294,0.372390445740079,0.17928581207844907,12,3.636810704471676
gated_any_BM,290,70,0.06214840673242428,-0.25201849819160194,0.3603535828474704,0.18284660731190217,12,3.5685105079312094
gated_any_BM,280,70,0.06214840673242428,-0.25201849819160194,0.3603535828474704,0.18284660731190217,12,3.5685105079312094
gated_any_BM,50,50,0.06190289272547167,-0.31155975320506035,0.4429189392514576,0.14628499834051056,22,3.5511470731516748
gated_any_BM,110,60,0.06109127834382844,-0.3324747232690508,0.4421666353206696,0.14437520734382647,18,3.4943184221880688
gated_any_BM,120,60,0.05983502915314931,-0.3324747232690508,0.43821703968403236,0.14267335788983648,18,3.4080617589639592
gated_any_BM,130,60,0.05983502915314931,-0.3324747232690508,0.43821703968403236,0.14267335788983648,18,3.4080617589639592
gated_any_BM,60,60,0.05943392417846738,-0.32483722209104016,0.46605228512318975,0.13282472620204677,21,3.3809509541329996
gated_any_BM,160,60,0.0594331838278741,-0.312229456196333,0.4269324807222118,0.14569157651143927,18,3.380901104095006
gated_any_BM,180,60,0.0594331838278741,-0.312229456196333,0.4269324807222118,0.14569157651143927,18,3.380901104095006
gated_any_BM,150,60,0.0594331838278741,-0.312229456196333,0.4269324807222118,0.14569157651143927,18,3.380901104095006
gated_any_BM,170,60,0.0594331838278741,-0.312229456196333,0.4269324807222118,0.14569157651143927,18,3.380901104095006
gated_any_BM,80,60,0.058851819684329953,-0.3324747232690498,0.45401542223058117,0.1351068678262779,19,3.341971498067972
gated_any_BM,190,60,0.05879818545614346,-0.31266780881024425,0.42260673312018054,0.14566179057882445,18,3.3384016095901963
gated_any_BM,140,60,0.058573177809165156,-0.3324747232690505,0.4346435960127892,0.14079628745267647,18,3.3234646726482793
gated_any_BM,200,60,0.05833997639135724,-0.3126678088102447,0.41470754184690617,0.14743468088952705,18,3.3080509945758294
gated_any_BM,220,60,0.05833997639135724,-0.3126678088102447,0.41470754184690617,0.14743468088952705,18,3.3080509945758294
gated_any_BM,210,60,0.05833997639135724,-0.3126678088102447,0.41470754184690617,0.14743468088952705,18,3.3080509945758294
gated_any_BM,90,50,0.057701694091480515,-0.34067731116740463,0.39890915930035736,0.15201068394984785,19,3.266210593881953
gated_any_BM,100,50,0.057701694091480515,-0.34067731116740463,0.39890915930035736,0.15201068394984785,19,3.266210593881953
gated_any_BM,250,60,0.057624774496638054,-0.2672883130563416,0.36317472258792555,0.16774719622672873,16,3.261202566190488
gated_any_BM,240,60,0.057624774496638054,-0.2672883130563416,0.36317472258792555,0.16774719622672873,16,3.261202566190488
gated_any_BM,70,60,0.05722607731770468,-0.34155324729896763,0.4621026894865526,0.12892515590854514,21,3.235361467428588
gated_any_BM,230,60,0.05699173629282961,-0.29197868460222753,0.40304683091969157,0.14831643912377523,17,3.2202640641035902
gated_any_BM,240,50,0.05685199204354885,-0.27629191520567353,0.33590370509685913,0.179971819935828,16,3.211293019121885
gated_any_BM,250,50,0.05685199204354885,-0.27629191520567353,0.33590370509685913,0.179971819935828,16,3.211293019121885
gated_any_BM,110,50,0.0550308637084016,-0.3406773111674053,0.39100996802708293,0.14786364349088466,19,3.096538675634076
gated_any_BM,60,50,0.054740577420068215,-0.33313366003061284,0.431070152341546,0.13267201275409435,22,3.078611843021626
gated_any_BM,260,50,0.0543530710038882,-0.2767799197023866,0.3242429941696445,0.1783115575746823,15,3.0548351418994675
gated_any_BM,260,60,0.053904768217976295,-0.28542906013382396,0.34380289637013356,0.16591994008568345,15,3.027546332956797
gated_any_BM,130,50,0.05378178957526569,-0.3406773111674053,0.3870603723904457,0.14596677301566596,19,3.0201011386286862
gated_any_BM,120,50,0.05378178957526569,-0.3406773111674053,0.3870603723904457,0.14596677301566596,19,3.0201011386286862
gated_any_BM,170,50,0.05338223938646025,-0.3206808190676784,0.37577581342862515,0.14950572679004548,19,2.99603234806764
gated_any_BM,180,50,0.05338223938646025,-0.3206808190676784,0.37577581342862515,0.14950572679004548,19,2.99603234806764
gated_any_BM,150,50,0.05338223938646025,-0.3206808190676784,0.37577581342862515,0.14950572679004548,19,2.99603234806764
gated_any_BM,160,50,0.05338223938646025,-0.3206808190676784,0.37577581342862515,0.14950572679004548,19,2.99603234806764
gated_any_BM,80,50,0.052804195699728496,-0.34067731116740496,0.4028587549369945,0.13729011635073674,20,2.961534338405873
gated_any_BM,190,50,0.05275086780302196,-0.32111378518017675,0.37145006582659396,0.14951621728887554,19,2.958370832278637
gated_any_BM,140,50,0.0525271452854803,-0.3406773111674045,0.38348692871920254,0.1438640822527275,19,2.9451342586903633
gated_any_BM,200,50,0.05229527579576776,-0.3211137851801774,0.3635508745533195,0.15162964315757055,19,2.931475214345105
gated_any_BM,210,50,0.05229527579576776,-0.3211137851801774,0.3635508745533195,0.15162964315757055,19,2.931475214345105
gated_any_BM,220,50,0.05229527579576776,-0.3211137851801774,0.3635508745533195,0.15162964315757055,19,2.931475214345105
gated_any_BM,70,50,0.0511877387480657,-0.3496442777867792,0.41094602219296594,0.1302851251329331,22,2.867060382915982
gated_any_BM,230,50,0.05095473616014301,-0.3006788900864309,0.3518901636261049,0.15278273228478034,18,2.8536816098194286
gated_any_BM,270,50,0.04963408761572552,-0.27677991970238514,0.32048147451570436,0.1641745527743914,15,2.7789680124309055
gated_any_BM,270,60,0.04918779130511863,-0.2854290601338242,0.34004137671619333,0.1525968741505419,15,2.7541435215414025
gated_any_BM,300,50,0.04896522051137353,-0.3055538176736503,0.3084446116230957,0.16861134602629213,14,2.7418424758582085
gated_any_BM,300,60,0.048519208597895824,-0.3138588450320513,0.32800451382358475,0.15630294035120462,14,2.7173496269812523
gated_any_BM,280,50,0.047829201323787984,-0.3055538176736503,0.31239420725973294,0.16234325146983686,15,2.6798679267244268
gated_any_BM,290,50,0.047829201323787984,-0.3055538176736503,0.31239420725973294,0.16234325146983686,15,2.6798679267244268
gated_any_BM,290,60,0.04738367243689834,-0.3138588450320513,0.3319541094602219,0.1506103339395901,15,2.655928695817687
gated_any_BM,280,60,0.04738367243689834,-0.3138588450320513,0.3319541094602219,0.1506103339395901,15,2.655928695817687
